,Day,Spread,Pred_Total,Away Money Line,Home Money Line,Year,Week,prev_TE allowed_Favorite,prev_TE allowed_Underdog,prev_RB allowed_Favorite,prev_RB allowed_Underdog,prev_K allowed_Favorite,prev_K allowed_Underdog,prev_QB allowed_Favorite,prev_QB allowed_Underdog,prev_Total FPts allowed_Favorite,prev_Total FPts allowed_Underdog,Model_Preds,True_Gold,Model_Correct
1209,2.0,-0.04809018791518094,0.027796215673267004,-0.05404779421203206,0.0325064418857245,4.0,12.0,0.006664810494731961,0.008251293922601547,0.035016158930449334,0.04403618267165618,0.01716180580165923,0.03614087581160976,0.014988846252405385,0.0357176738389966,0.02393449543429136,0.04087539158422211,Under,Over,0
1141,2.0,-0.018320071586735598,0.025016594105940305,0.017740879016163197,-0.017375566123059898,4.0,7.0,0.003938297110523432,0.021983159890022138,0.014518895166283866,0.024523076659816782,0.0,0.024431155043941208,0.004859541732358798,0.025236350593062555,0.007356788820988914,0.026361480014506868,Under,Over,0
422,2.0,-0.029770116328445336,0.025943134628382537,-0.027849054269558502,0.019121436403367352,1.0,11.0,0.002120621521051078,0.021217612943832558,0.026333290252573683,0.02989122702560904,0.02059416696199108,0.013142136658767184,0.029472805052098164,0.02613414125016872,0.02849125514197375,0.026392273826985183,Under,Over,0
1117,3.0,-0.013740053690051695,0.030575837240593706,-0.016812577207177912,0.01130658848199113,4.0,6.0,0.03271816061050235,0.02239636921848992,0.04042515909043743,0.007205920800816467,0.01716180580165923,0.0,0.046386534717970336,0.004989521728786577,0.034290767497205894,0.009855853299101994,Under,Under,1
848,2.0,-0.03206012527678729,0.025016594105940305,-0.032490563314484924,0.02369395380417259,3.0,5.0,0.022599103801547598,0.012671629952566665,0.026158487469854,0.02375285004713576,0.025522957142262912,0.03614087581160976,0.02617496304407716,0.01965384778534225,0.02757684066859459,0.023473650602995152,Over,Over,1
781,2.0,-0.029770116328445336,0.027796215673267004,0.02630188458791637,-0.023278270404099386,3.0,0.0,0.021236509803668657,0.019257930637214683,0.02650054223120489,0.022696982485349456,0.02627129232117995,0.02468257541224712,0.02593938176975481,0.023133582832476185,0.0283104998379127,0.024627533427856542,Under,Over,0
23,2.0,-0.009160035793367795,0.027796215673267004,-0.010417609189723738,-0.00989326492174224,0.0,1.0,0.03090048502103,0.024753881767804645,0.00882521078734902,0.026555152580786605,0.0,0.022998739152842573,0.027958142693960356,0.027442369508326174,0.02240790421909137,0.0320975222397094,Under,Over,0
405,2.0,-0.03206012527678729,0.027796215673267004,0.025786161360702317,-0.0249410040043922,1.0,10.0,0.019691485552617155,0.009430050197258913,0.007544131802088675,0.01654692924631929,0.01716180580165923,0.019713204988150775,0.03761411522708888,0.009096749981141385,0.02433340369152955,0.016749084029128686,Over,Under,0
43,2.0,-0.02748010738010339,0.027796215673267004,0.025786161360702317,-0.0249410040043922,0.0,2.0,0.01878264775788098,0.0279954615231124,0.027614369237834016,0.03776436271539,0.044620695084314,0.009856602494075387,0.018207503763448218,0.04618349990425625,0.02671151060968029,0.043654683548775434,Over,Over,1
581,2.0,-0.02748010738010339,0.027487368832452928,0.02372326845184614,-0.020784170003660167,2.0,4.0,0.0284769175684002,0.010314117403251936,0.021351316421005684,0.018415130935419858,0.02059416696199108,0.04928301247037694,0.03136613299977042,0.011652358671495484,0.032365268024767704,0.02026169841176995,Under,Under,1
1055,2.0,-0.0045800178966838995,0.03304661196710633,-0.012171068162251495,-0.008646214721522629,4.0,1.0,0.038474133310498135,0.0,0.016511684698911063,0.03963256440449056,0.03089125044298661,0.013142136658767184,0.0429154334805712,0.02178352169397067,0.03643873503618075,0.023070323273046783,Under,Under,1
552,2.0,-0.03206012527678729,0.02686967515082477,-0.03094339363284278,0.022446903603952982,2.0,2.0,0.013632566921042649,0.01208225181523798,0.022205369077845916,0.022551863246999683,0.01029708348099554,0.04271194414099335,0.010539525575375576,0.018649858656988854,0.0151431711497728,0.024661632920297633,Over,Under,0
1070,2.0,-0.020610080535077544,0.027796215673267004,0.019184904052362527,-0.01878888968330879,4.0,2.0,0.04786545718943863,0.012376940883902322,0.022632395406266027,0.023219078135964168,0.027458889282654768,0.029569807482226162,0.02237282524832719,0.029085260809268106,0.02542273008629537,0.02937689606860312,Over,Over,1
308,2.0,-0.016030062638393645,0.02532544094675438,0.017018866498063532,-0.016627336002928133,1.0,3.0,0.015753188442093728,0.004420336029965115,0.016796368917857806,0.03149254275912382,0.0,0.019713204988150775,0.011265301288649941,0.0052937608585906385,0.013171643801499443,0.021625678109413533,Over,Under,0
382,2.0,-0.03206012527678729,0.030266990399779627,-0.034037732996127064,0.02161553680380657,1.0,8.0,0.0075736482894681375,0.0011787562746573641,0.023201763844159517,0.04763914307206442,0.044620695084314,0.022998739152842573,0.018586169352982674,0.0219356412588727,0.02492409476474764,0.030806874783874613,Under,Under,1
1174,2.0,-0.03206012527678729,0.02563428778756846,-0.03630691519586887,0.022779450324011543,4.0,10.0,0.008482486084204313,0.047150250986294565,0.02775671134730739,0.01961611773555593,0.024026528122322924,0.019713204988150775,0.02780036536498767,0.009370565197965038,0.028775093709624,0.01813506339931491,Under,Over,0
490,1.0,-0.013740053690051695,0.03273776512629225,0.015987420043635438,-0.014548919002562116,1.0,15.0,0.016662026236829903,0.00913536112859457,0.05124315941041365,0.036830261870839716,0.01716180580165923,0.045997478305685145,0.032691462563141004,0.02914610863522891,0.03648476291201593,0.02990488820962644,Over,Over,1
78,2.0,-0.03664014317347119,0.024707747265126225,0.030427670405628736,-0.029929204805270636,0.0,5.0,0.022599103801547598,0.027700772454448054,0.026158487469854,0.034695174226153355,0.025522957142262912,0.022998739152842573,0.02617496304407716,0.009370565197965038,0.02757684066859459,0.02645827284461309,Over,Over,1
609,2.0,-0.016030062638393645,0.028105062514081083,-0.018050312952491626,0.01371755220241571,2.0,6.0,0.02877986349997892,0.013850386227224029,0.01523060571365072,0.03162598573691671,0.027458889282654768,0.04271194414099335,0.02347726655113601,0.01986681517620509,0.030025517669812943,0.025541619822003158,Under,Under,1
1136,2.0,-0.03435013422512924,0.030884684081407782,-0.034553456223341106,0.02236376692393834,4.0,7.0,0.02090326927893206,0.034773310102392235,0.01252610563365667,0.0216177624024494,0.04118833392398216,0.04928301247037694,0.0367936731164309,0.038060315138487864,0.022216121403111463,0.03209018901552852,Under,Under,1
533,2.0,-0.03206012527678729,0.027178521991638848,0.02836477749677255,-0.0253566874044654,2.0,1.0,0.022599103801547598,0.055401544908896115,0.026158487469854,0.02095054751348491,0.025522957142262912,0.03614087581160976,0.02617496304407716,0.02729024994342415,0.02757684066859459,0.02872423911650485,Over,Under,0
409,2.0,-0.013740053690051695,0.03304661196710633,0.012377357453137113,-0.012054818602122895,1.0,10.0,0.022599103801547598,0.007956604853937208,0.026158487469854,0.013878069690461342,0.025522957142262912,0.022998739152842573,0.02617496304407716,0.04238051078170551,0.02757684066859459,0.03188485873846389,Over,Under,0
541,2.0,-0.013740053690051695,0.03366430564873448,0.016296853979963867,-0.013966962242459632,2.0,1.0,0.021206215210510783,0.0053044032359581385,0.0435566854988516,0.008406907600952545,0.024026528122322924,0.029569807482226162,0.01975372158738057,0.012656347799848882,0.02505450707961396,0.013977125288756252,Over,Over,1
1097,2.0,-0.011450044741709749,0.02439890042431215,0.01299622532579397,-0.012719912042240022,4.0,4.0,0.03938297110523431,0.0,0.02718734290941391,0.025621051736236324,0.013729444641327386,0.013142136658767184,0.02473948518291752,0.0056284239013751035,0.026611783545370745,0.013346468009200618,Under,Under,1
626,2.0,-0.029770116328445336,0.030266990399779627,0.025270438133488275,-0.02203122020387977,2.0,7.0,0.0018176755894723528,0.015618520639210072,0.01508826360417735,0.017080701157490885,0.0034323611603318464,0.0,0.02685370139115154,0.008640391286435293,0.02133392044960393,0.010955836926233914,Under,Under,1
996,2.0,-0.013740053690051695,0.02439890042431215,0.015987420043635438,-0.01371755220241571,3.0,15.0,0.023023890799983137,0.0279954615231124,0.05850260699355558,0.01347774075708265,0.037755972763650315,0.03285534164691796,0.0241399313328213,0.022726662996363254,0.038011354127215916,0.01908104931864836,Over,Under,0
346,2.0,-0.013740053690051695,0.029649296718151467,0.014955973589207344,-0.01371755220241571,1.0,5.0,0.004544188973680883,0.02151230201249689,0.02946481666098785,0.0320263146702954,0.024026528122322924,0.03614087581160976,0.02940969412050909,0.036174032533702695,0.030892375998042086,0.035595470173988904,Over,Over,1
1260,2.0,-0.03664014317347119,0.024707747265126225,0.02908679001487222,-0.029762931445241364,4.0,15.0,0.05543910547890677,0.027406083385783715,0.012810789852603413,0.01401151266825424,0.03089125044298661,0.026284273317534367,0.03581545367680023,0.049621402071042126,0.03367706248607021,0.04217337226423778,Under,Over,0
908,2.0,-0.025190098431761444,0.030266990399779627,-0.024754714906274226,0.018290069603220948,3.0,9.0,0.029082809431557645,0.06453690603749067,0.022205369077845916,0.053644077072744815,0.006864722320663693,0.022998739152842573,0.02593859288310995,0.040768043393743986,0.02559917027699688,0.04157938110558655,Under,Under,1
884,2.0,-0.0045800178966838995,0.027178521991638848,-0.010830187771494977,-0.00872935140153727,3.0,7.0,0.01605613437367245,0.016502587845203094,0.005978368597881592,0.02588793769182212,0.01716180580165923,0.04928301247037694,0.03190257591827756,0.029298228200130942,0.02371202736775468,0.03254484891474305,Under,Under,1
1258,2.0,-0.029770116328445336,0.02872275619570924,0.02723018639690165,-0.028017061164933903,4.0,15.0,0.03605056585786833,0.006777848579279842,0.023059421734686142,0.03856502058214738,0.03432361160331846,0.019713204988150775,0.060397161530745064,0.029419923852052568,0.0401516503535516,0.033527500954980895,Under,Under,1
424,2.0,-0.03206012527678729,0.027487368832452928,0.029911947178414687,-0.029097838005124232,1.0,11.0,0.006664810494731961,0.0041256469613007735,0.01992789532627197,0.03949912142669767,0.013729444641327386,0.019713204988150775,0.01019241545163566,0.04320195643217647,0.014176585757234112,0.03750944168519844,Over,Over,1
573,2.0,-0.05496021476020678,0.02563428778756846,0.06704401953782603,-0.06858776101207854,2.0,3.0,0.035747619926289616,0.030942352209755806,0.034731474711502584,0.02909056915885166,0.051485417404977696,0.013142136658767184,0.03108213380761958,0.03358799993036818,0.03528803814030136,0.027638921937734685,Under,Over,0
532,2.0,-0.03893015212181314,0.02656082831001069,0.033006286541698966,-0.02951352140519744,2.0,1.0,0.01878264775788098,0.033594553827734866,0.017365737355751292,0.01721414413528378,0.013729444641327386,0.04271194414099335,0.029315027723125477,0.02379149995067746,0.021778856582677298,0.02557095271872668,Over,Under,0
123,2.0,-0.03664014317347119,0.025943134628382537,0.03094339363284278,-0.029929204805270636,0.0,8.0,0.005755972699995784,0.021983159890022138,0.038290027448336865,0.024523076659816782,0.04118833392398216,0.024431155043941208,0.04594475819684682,0.025236350593062555,0.04235331708100083,0.026361480014506868,Over,Over,1
168,2.0,-0.04580017896683899,0.025943134628382537,0.008793024517236932,-0.012373640944457616,0.0,11.0,0.023629782663140586,0.035657377308385266,0.022490053296792656,0.02055021858010622,0.03432361160331846,0.03285534164691796,0.03878166746148677,0.01819349996228277,0.037811899998596826,0.02473496516210642,Over,Under,0
327,2.0,-0.018320071586735598,0.027487368832452928,0.017018866498063532,-0.016627336002928133,1.0,4.0,0.02029737741577461,0.050981208878931004,0.006263052816828335,0.013744626712668444,0.0034323611603318464,0.022998739152842573,0.01745017258437932,0.04378001077880418,0.01275739291898286,0.03339550291972506,Over,Under,0
344,2.0,-0.025190098431761444,0.029340449877337395,0.01959748263413376,-0.01995280320351376,1.0,5.0,0.019388539621038432,0.021217612943832558,0.01523060571365072,0.014411841601632934,0.03432361160331846,0.006571068329383592,0.015872399294652437,0.033709695582289805,0.01923965209910344,0.025394955338385573,Under,Under,1
493,2.0,-0.02748010738010339,0.02872275619570924,0.023207545224632087,-0.0249410040043922,1.0,15.0,0.002726513384208529,0.02563794897379766,0.02291707962521277,0.032560086581466995,0.027458889282654768,0.03942640997630156,0.01637728674736504,0.01764586952863546,0.018250052768647163,0.023722980225145057,Under,Over,0
1062,2.0,-0.02748010738010339,0.02686967515082477,0.02227924341564681,-0.022446903603952982,4.0,2.0,0.016964972168408626,0.015913209707874416,0.02775671134730739,0.06778903271879194,0.006864722320663693,0.03614087581160976,0.0160932875552142,0.03443986949381955,0.02374271261831146,0.044212008586522265,Over,Under,0
615,2.0,-0.016030062638393645,0.023781206742683997,-0.01908175940691972,0.014133235602488912,2.0,6.0,0.022599103801547598,0.034773310102392235,0.026158487469854,0.01574627137956191,0.025522957142262912,0.013142136658767184,0.02617496304407716,0.02519099994777613,0.02757684066859459,0.024844963524819613,Over,Under,0
720,3.0,-0.011450044741709749,0.025016594105940305,-0.014955973589207344,0.011223451801976491,2.0,14.0,0.0003029459315787255,0.005893781373286821,0.0103909739915561,0.03069188489236643,0.0,0.003285534164691796,-0.0003155546579453765,0.014268815187810396,0.003950726009185914,0.01781240153535621,Under,Under,1
208,3.0,-0.0045800178966838995,0.02563428778756846,0.008376530374938537,-0.01185050341872016,0.0,14.0,0.010300161673676669,0.02239636921848992,0.027472027128360648,0.02188464835803519,0.006864722320663693,0.019713204988150775,0.025717704622548184,0.031154086891935707,0.025085192330170755,0.030938872819130443,Over,Over,1
371,2.0,-0.009160035793367795,0.02872275619570924,0.010830187771494977,-0.010392085001830084,1.0,7.0,0.0,0.02652201617979069,0.0465458697977924,0.02615482364740792,0.03089125044298661,0.01642767082345898,0.016061732089419658,0.03276655427989722,0.02760905418846622,0.026450939620432216,Under,Under,1
534,2.0,-0.03435013422512924,0.02439890042431215,0.030427670405628736,-0.027019421004758216,2.0,1.0,0.002726513384208529,0.0474449400549589,0.018077447903118143,0.0077396927119880565,0.0,0.009856602494075387,-0.0047333198691806464,0.023913195602599087,0.008246661087135645,0.022483665338576427,Under,Under,1
63,3.0,-0.02290008948341949,0.024707747265126225,0.018566036179705668,-0.018290069603220948,0.0,4.0,0.0,0.020922923875168208,0.06818187043774482,0.014278398623840038,0.02059416696199108,0.022998739152842573,0.021678605000847364,0.028933141244366068,0.0342677535592883,0.026736935363486515,Over,Over,1
1068,2.0,-0.029770116328445336,0.027178521991638848,0.024961004197159846,-0.02502414068440684,4.0,2.0,0.0284769175684002,0.053928099565574414,0.00569368437893485,0.028289911292094273,0.01716180580165923,0.013142136658767184,0.02940969412050909,0.03681293470629121,0.026481371230504414,0.03413615856199389,Under,Over,0
588,0.0,-0.016030062638393645,0.02532544094675438,-0.01908175940691972,0.014133235602488912,2.0,4.0,0.024841566389455488,0.0114928736779093,0.0257639218146802,0.021350876446863603,0.02059416696199108,0.01642767082345898,0.015872399294652437,0.03507877166640808,0.021080767132510468,0.031224868562184743,Over,Under,0
932,3.0,-0.05496021476020678,0.037679314579317495,0.051572322721404634,-0.0498820080087844,3.0,11.0,0.004544188973680883,0.007072537647944185,0.020354921654692087,0.03589616102628943,0.0034323611603318464,0.03942640997630156,0.0013253295633705812,0.02254411951848082,0.0109853196993286,0.024133640779274303,Over,Under,0
561,2.0,-0.04122016107015509,0.029649296718151467,0.042289304631551804,-0.038242872806734704,2.0,3.0,0.04089770076312794,0.007072537647944185,0.02291707962521277,0.030024670003401945,0.051485417404977696,0.03942640997630156,0.03177635405509941,0.0316408694996222,0.03284856072103705,0.034356155287420274,Under,Over,0
925,2.0,-0.020610080535077544,0.02532544094675438,0.01908175940691972,-0.016627336002928133,3.0,10.0,0.013935512852621372,0.01414507529588837,0.024340500719946482,0.032826972537052794,0.027458889282654768,0.026284273317534367,0.03165013219192126,0.02284835864828488,0.030938403873877262,0.02512362604369303,Over,Over,1
101,2.0,-0.018320071586735598,0.029649296718151467,0.015987420043635438,-0.014548919002562116,0.0,6.0,0.016662026236829903,0.021983159890022138,0.03942876432412383,0.024523076659816782,0.03089125044298661,0.024431155043941208,0.030924356478646893,0.025236350593062555,0.03221951308462298,0.026361480014506868,Over,Over,1
528,2.0,-0.018320071586735598,0.02872275619570924,0.018050312952491626,-0.015795969202781725,2.0,1.0,0.00999721574209794,0.010608806471916277,0.04626118557884565,0.01948267475776304,0.03089125044298661,0.01642767082345898,0.016850618734283104,0.01612467387961516,0.02945016922187325,0.017233076825066734,Over,Over,1
952,2.0,-0.011450044741709749,0.02872275619570924,0.012893080680351159,-0.011223451801976491,3.0,12.0,0.0060589186315745105,0.03860426799502867,0.02334410595363288,0.02201809133582809,0.024026528122322924,0.01642767082345898,0.03430079131866242,0.014542630404634053,0.032196499146705394,0.019381711510064414,Over,Under,0
1161,2.0,-0.06412025055357458,0.03181122460385002,0.0588955925478441,-0.07041676797240064,4.0,9.0,0.022599103801547598,0.021983159890022138,0.026158487469854,0.024523076659816782,0.025522957142262912,0.024431155043941208,0.02617496304407716,0.025236350593062555,0.02757684066859459,0.026361480014506868,Under,Under,1
1225,2.0,-0.02290008948341949,0.02903160303652332,0.01908175940691972,-0.01878888968330879,4.0,13.0,0.019085593689459703,0.02652201617979069,0.020212579545218715,0.023219078135964168,0.027458889282654768,0.03614087581160976,0.021015940219162074,0.037117173836095266,0.02394216674693056,0.03505281158460382,Over,Under,0
174,2.0,-0.009160035793367795,0.02656082831001069,0.008709170723963391,-0.012387367683263172,0.0,11.0,0.004241243042102156,0.02151230201249689,0.027614369237834016,0.01788135902424827,0.03089125044298661,0.029569807482226162,0.014862624389227232,0.014451358665692832,0.02187091233434765,0.020789690552793276,Over,Over,1
990,2.0,-0.011450044741709749,0.03428199933036264,-0.013924527134779251,0.010392085001830084,3.0,14.0,0.0,0.07897667040204337,0.061918817620916486,0.0161466003129406,0.013729444641327386,0.019713204988150775,0.037708781624472484,0.0285680542886012,0.03912369445989933,0.029545560224763345,Under,Under,1
51,2.0,-0.02748010738010339,0.028413909354895163,0.02166037554298995,-0.02161553680380657,0.0,3.0,0.008785432015783039,0.028290150591776732,0.019358526888378486,0.02468695089168604,0.0,0.022998739152842573,0.024897262511890204,0.02227030430165717,0.026765209798154662,0.024947628663351932,Under,Under,1
233,2.0,-0.05267020581186484,0.026251981469196616,0.008273903763163,-0.011951712699410436,0.0,15.0,0.00939132387894049,0.0064831595106155035,0.019500868997851858,0.02055021858010622,0.006864722320663693,0.03942640997630156,0.02877858480461833,0.04025083687307709,0.024525186507509445,0.03485481453172008,Under,Under,1
710,2.0,-0.02748010738010339,0.024707747265126225,0.02372326845184614,-0.020784170003660167,2.0,13.0,0.006664810494731961,0.01473445343321705,0.036154895806236285,0.018415130935419858,0.037755972763650315,0.04928301247037694,0.02839991921508388,0.01600297822769354,0.03022497179843204,0.02384031181203913,Over,Over,1
435,2.0,-0.0045800178966838995,0.027178521991638848,-0.012377357453137113,0.008313668001464066,1.0,12.0,0.03786824144734069,0.03241579755307751,0.020354921654692087,0.02722236746975109,0.024026528122322924,0.029569807482226162,0.04228432416468045,0.03291867384479925,0.03544146439308528,0.029897554985445562,Under,Under,1
620,2.0,-0.009160035793367795,0.029340449877337395,0.01155220028959464,-0.010142674961786162,2.0,7.0,0.08421896897888569,0.03300517569040619,0.01508826360417735,0.01574627137956191,0.037755972763650315,0.045997478305685145,0.03685678404801997,0.039064304266841265,0.03669188835327422,0.03713544725197359,Under,Over,0
218,2.0,-0.06641025950191654,0.028105062514081083,0.008926777102076549,-0.012436667842589537,0.0,14.0,0.0,0.015618520639210072,0.007686473911562047,0.011742982045774984,0.02059416696199108,0.013142136658767184,0.013821294018007491,0.020779532565617268,0.016554692675384855,0.017695069948462136,Under,Under,1
631,3.0,-0.013740053690051695,0.025943134628382537,-0.017534589725277574,0.013301868802342506,2.0,8.0,0.023629782663140586,0.037425511720371306,0.03231165885045527,0.02201809133582809,0.006864722320663693,0.04271194414099335,0.01975372158738057,0.024126162993461927,0.022714756724659203,0.028804904582494517,Over,Over,1
367,2.0,-0.025190098431761444,0.029649296718151467,-0.02454842561538861,0.01745870280307454,1.0,7.0,0.011208999468412844,0.0,0.02120897431153232,0.04817291498323601,0.03432361160331846,0.026284273317534367,0.020889718355983924,0.02473464125307005,0.02559917027699688,0.03232485218931666,Under,Over,0
81,2.0,-0.018320071586735598,0.028413909354895163,0.017328300434391958,-0.016627336002928133,0.0,5.0,0.025750404184191663,0.010314117403251936,0.05280892261462073,0.02815646831430138,0.02059416696199108,0.01642767082345898,0.029094139462563718,0.020292749957930782,0.03706778267259482,0.01908104931864836,Under,Over,0
76,0.0,-0.018320071586735598,0.028413909354895163,0.018566036179705668,-0.01745870280307454,0.0,4.0,0.04089770076312794,0.008545982991265891,0.0435566854988516,0.02615482364740792,0.044620695084314,0.04271194414099335,0.03508967796352586,0.011500239106593452,0.03637736453506719,0.025761616547429547,Under,Under,1
661,2.0,-0.0045800178966838995,0.02686967515082477,-0.01186163422592307,0.00872935140153727,2.0,10.0,0.02029737741577461,0.027406083385783715,0.010533316101029472,0.05444473493950218,0.013729444641327386,0.029569807482226162,0.01969061065579149,0.053941597714259784,0.020052811238858208,0.046184645891178835,Under,Over,0
1252,2.0,-0.03435013422512924,0.029649296718151467,0.027952198915001315,-0.02859901792503639,4.0,15.0,0.04059475483154922,0.037425511720371306,0.028895448223094363,0.025220722802857632,0.03432361160331846,0.03285534164691796,0.01987994345055872,0.02415658690644233,0.02378106918150744,0.025732283650706032,Under,Under,1
543,3.0,-0.013740053690051695,0.025016594105940305,-0.015265407525535771,0.011472861842020413,2.0,2.0,0.018479701826302253,0.007661915785272866,0.05280892261462073,0.01681381520190509,0.03089125044298661,0.019713204988150775,0.018712391216160824,0.023304717342990968,0.0302863422995456,0.02083368989787855,Over,Over,1
289,2.0,-0.020610080535077544,0.029649296718151467,-0.022176098770204,0.015380285802708525,1.0,2.0,0.009088377947361764,0.0,0.0113873687578697,0.03896534951552608,0.0034323611603318464,0.04271194414099335,0.007289312598538196,0.03203638036836748,0.016692776302890386,0.03800810092949825,Over,Over,1
58,2.0,-0.03206012527678729,0.027178521991638848,0.02836477749677255,-0.029097838005124232,0.0,3.0,0.008785432015783039,0.005009714167293797,0.01024863188208273,0.02588793769182212,0.0034323611603318464,0.019713204988150775,0.00833064296975794,0.010648369543142086,0.007165006005009016,0.017746402517728296,Over,Over,1
309,2.0,-0.018320071586735598,0.024707747265126225,0.017534589725277574,-0.016627336002928133,1.0,3.0,0.004847134905259608,0.00913536112859457,0.03401976416413572,0.026822038536372404,0.03089125044298661,0.022998739152842573,0.023540377482725083,0.01804138039738073,0.022983252667031058,0.0249916280084372,Over,Over,1
823,2.0,-0.03206012527678729,0.025016594105940305,0.030427670405628736,-0.027019421004758216,3.0,3.0,0.0060589186315745105,0.010608806471916277,0.013807184618917008,0.03496206018173915,0.03089125044298661,0.022998739152842573,0.014862624389227232,0.019471304307459816,0.015005087522267275,0.02460296712685059,Over,Over,1
583,2.0,-0.013740053690051695,0.028105062514081083,0.01547169681642139,-0.013301868802342506,2.0,4.0,0.07967478000520481,0.023869814561811618,0.018646816341011632,0.0433689677826917,0.024026528122322924,0.052568546635068734,0.04177943671196785,0.022939630387226097,0.036277637470757636,0.03200219032535797,Under,Over,0
1078,2.0,-0.013740053690051695,0.030266990399779627,0.013821382489336443,-0.01338500548235715,4.0,3.0,0.022115053005246958,0.007956604853937208,0.028326079785200874,0.014278398623840038,0.051485417404977696,0.022998739152842573,0.0402332188880355,0.0295720434169546,0.04242235889475359,0.027990916698416902,Over,Under,0
762,2.0,-0.011450044741709749,0.025016594105940305,0.013408803907565206,-0.011639135202049693,2.0,16.0,0.004544188973680883,0.030058285003762782,0.0569368437893485,0.046838485205307034,0.01029708348099554,0.026284273317534367,0.04013855249065189,0.03343588036546615,0.036339007971871215,0.033358836798820665,Over,Under,0
49,2.0,-0.009160035793367795,0.025943134628382537,-0.0144402503619933,0.00997640160175688,0.0,3.0,0.009088377947361764,0.041845847750336417,0.037578316900970014,0.03402795933718887,0.02059416696199108,0.04271194414099335,0.013442628428473036,0.036630391228408776,0.01872567415227731,0.037722105186443936,Under,Under,1
192,3.0,-0.04580017896683899,0.02872275619570924,0.009398886348292088,-0.013147452694908962,0.0,13.0,0.007876594221046864,0.01443976436455271,0.009109895006295759,0.03362763040381018,0.01029708348099554,0.026284273317534367,0.005743094774605852,0.05242040206523948,0.01075518032015272,0.03800810092949825,Over,Under,0
886,2.0,-0.03435013422512924,0.035208539852804865,0.032490563314484924,-0.028682154605051025,3.0,7.0,0.04786545718943863,0.021983159890022138,0.015799974151544206,0.024523076659816782,0.02059416696199108,0.024431155043941208,0.009624417067333982,0.025236350593062555,0.01630153935829139,0.026361480014506868,Under,Under,1
900,2.0,-0.0068700268450258475,0.035208539852804865,-0.012583646744022731,0.009311308161639754,3.0,8.0,0.006361864563153236,0.0114928736779093,0.028895448223094363,0.02415317898051445,0.037755972763650315,0.006571068329383592,0.025149706238246503,0.03142790210875936,0.031314298193197865,0.030344881660479214,Under,Over,0
198,2.0,-0.0045800178966838995,0.028413909354895163,0.009025184116947898,-0.012618124196766185,0.0,13.0,0.06755694274205579,0.00884067205993023,0.023913474391526367,0.02361940706934286,0.02059416696199108,0.04928301247037694,0.056673616566989625,0.05135556511092526,0.03932314858851843,0.04464466881319416,Over,Over,1
471,2.0,-0.02290008948341949,0.02532544094675438,0.02011320586134781,-0.01995280320351376,1.0,14.0,0.03938297110523431,0.0032415797553077517,0.034446790492555834,0.032826972537052794,0.013729444641327386,0.009856602494075387,0.04124299379346071,0.02427828255836396,0.03925410677476567,0.02803491604350217,Under,Over,0
415,2.0,-0.013740053690051695,0.029649296718151467,0.013408803907565206,-0.0124705020021961,1.0,10.0,0.04150359262628539,0.07455633437207827,0.01636934258943769,0.038831906537733184,0.006864722320663693,0.04271194414099335,0.02884169573620741,0.042289239042764284,0.02826111576279788,0.046602639669488966,Under,Over,0
363,3.0,-0.013740053690051695,0.02686967515082477,0.013408803907565206,-0.0124705020021961,1.0,7.0,0.05725678106837913,0.0053044032359581385,0.023486448063106253,0.02909056915885166,0.03432361160331846,0.055854080799760536,0.04389365292020187,0.018862826047851698,0.03740532042871944,0.02885623715176068,Under,Over,0
1171,2.0,-0.013740053690051695,0.029340449877337395,0.015884275398192628,-0.015629695842752447,4.0,9.0,0.02029737741577461,0.018860100394517826,0.013522500399970269,0.026421709602993712,0.04118833392398216,0.052568546635068734,0.01861772481877721,0.022817934735304468,0.021249536010572775,0.030506212592458563,Over,Over,1
1003,2.0,-0.04580017896683899,0.027178521991638848,0.036616349132197294,-0.033254672005856266,3.0,15.0,0.018479701826302253,0.024753881767804645,0.009821605553662616,0.012810525868118162,0.03432361160331846,0.03942640997630156,0.019532833326818804,0.01767629344161586,0.019630889043702436,0.022593663701289617,Over,Over,1
1200,0.0,-0.016030062638393645,0.02872275619570924,-0.018462891534262862,0.012304228642166818,4.0,11.0,0.00999721574209794,0.0023575125493147282,0.024767527048366596,0.024553507913893144,0.0034323611603318464,0.003285534164691796,0.006247982227318454,0.015759586923850287,0.014905360457957728,0.016228425112286244,Over,Over,1
767,2.0,-0.02748010738010339,0.030575837240593706,-0.026817607815130408,0.01995280320351376,2.0,16.0,0.00545302676841706,0.007956604853937208,0.021066632202058944,0.011342653112396291,0.024026528122322924,0.03285534164691796,0.02243593617991627,0.02373065212471665,0.023021609230227044,0.01756307191320631,Over,Over,1
785,2.0,-0.02748010738010339,0.029649296718151467,0.021969809479318377,-0.01986966652349912,3.0,1.0,0.005755972699995784,0.016797276913867436,0.02490986915783996,0.02909056915885166,0.0,0.03285534164691796,0.004449320677029808,0.025130152121815325,0.011591353397825077,0.027910251232427227,Over,Under,0
342,2.0,-0.011450044741709749,0.03304661196710633,-0.014955973589207344,0.010392085001830084,1.0,5.0,0.015147296578936275,0.021983159890022138,0.01992789532627197,0.024523076659816782,0.03089125044298661,0.024431155043941208,0.024234597730204914,0.025236350593062555,0.02491642345210844,0.026361480014506868,Under,Over,0
802,2.0,-0.0068700268450258475,0.033355458807920416,0.011036477062380591,-0.009726991561712958,3.0,2.0,0.010603107605255391,0.0029468906866434103,0.019073842669431747,0.023219078135964168,0.02059416696199108,0.026284273317534367,0.02278304630365618,0.04198499991296023,0.02444847338111749,0.034832814859177434,Under,Over,0
986,2.0,-0.013740053690051695,0.028105062514081083,0.014749684298321727,-0.012719912042240022,3.0,14.0,0.005755972699995784,0.01915478946318216,0.02718734290941391,0.02081710453569201,0.054917778565309536,0.009856602494075387,0.021299939411312908,0.03002840211166068,0.027348229558733558,0.027074263675806967,Over,Over,1
1122,2.0,-0.020610080535077544,0.027178521991638848,-0.024032702388174558,0.015795969202781725,4.0,6.0,0.03180932281576618,0.029763595935098437,0.02063960587363883,0.027355810447543996,0.024026528122322924,0.03614087581160976,0.0241399313328213,0.046609434685981936,0.023397503549547644,0.029677558260019176,Over,Over,1
128,2.0,-0.03664014317347119,0.027178521991638848,-0.03610062590498325,0.02369395380417259,0.0,8.0,0.042412430421021566,0.024753881767804645,0.01765042157469804,0.03442828827056756,0.037755972763650315,0.01642767082345898,0.03073502368387967,0.020292749957930782,0.024348746316807942,0.027660921610277327,Under,Under,1
259,2.0,-0.03206012527678729,0.028413909354895163,0.024754714906274226,-0.023278270404099386,1.0,0.0,0.0216416999871552,0.020002020535592142,0.02752540541941316,0.02715397794363224,0.021134763844743342,0.023861191871074168,0.02627663081043393,0.022319743160250326,0.027541642528649282,0.024885296257814445,Under,Over,0
413,2.0,-0.05267020581186484,0.03181122460385002,-0.06064905152037186,0.033254672005856266,1.0,10.0,0.014541404715778822,0.011198184609244958,0.0257639218146802,0.02935745511443745,0.044620695084314,0.03614087581160976,0.04184254764355692,0.02227030430165717,0.038862869830166666,0.029200898688262013,Under,Under,1
196,2.0,-0.04809018791518094,0.025943134628382537,0.008881520003152867,-0.012582080388909856,0.0,13.0,0.005150080836838334,0.0023575125493147282,0.006690079145248449,0.018148244979834062,0.0034323611603318464,0.003285534164691796,0.004607098006002497,0.012991010842633346,0.007141992067091429,0.01347113282027557,Under,Under,1
282,2.0,-0.025190098431761444,0.023472359901869917,-0.025786161360702317,0.016627336002928133,1.0,1.0,0.0018176755894723528,0.02622732711112635,0.019643211107325236,0.03869846355994029,0.013729444641327386,0.013142136658767184,0.023887487606465002,0.020536141261774027,0.0162785254203738,0.025226291182225344,Over,Under,0
453,2.0,-0.029770116328445336,0.029340449877337395,0.02269182199741804,-0.023278270404099386,1.0,13.0,0.012420783194727744,0.010314117403251936,0.013380158290496895,0.013077411823703958,0.013729444641327386,0.009856602494075387,0.010949746630704565,0.02427828255836396,0.016048386041197925,0.024624966799393227,Under,Under,1
977,3.0,-0.018320071586735598,0.03366430564873448,0.018256602243377242,-0.01596224256281101,3.0,14.0,0.021206215210510783,0.01090349554058062,0.02974950087993458,0.02909056915885166,0.02059416696199108,0.029569807482226162,0.029315027723125477,0.018254347788243582,0.026841922924546624,0.023172988411579096,Over,Over,1
938,2.0,-0.02290008948341949,0.030575837240593706,0.01959748263413376,-0.01745870280307454,3.0,11.0,0.007876594221046864,0.027700772454448054,0.05508639636619468,0.02468695089168604,0.04118833392398216,0.01642767082345898,0.049258082105273264,0.03596106514283985,0.05121368317927216,0.03715744692451623,Under,Under,1
704,3.0,-0.009160035793367795,0.03181122460385002,0.012377357453137113,-0.010807768401903287,2.0,13.0,0.029082809431557645,0.0053044032359581385,0.03159994830308841,0.02855679724768007,0.006864722320663693,0.009856602494075387,0.026790590459562464,0.031062815152994493,0.024655598822375783,0.02340031836118636,Under,Under,1
807,2.0,-0.009160035793367795,0.02872275619570924,-0.01268679138946554,0.009394444841654396,3.0,2.0,0.027568079773664017,0.031237041278420145,0.01622700047996432,0.02201809133582809,0.01029708348099554,0.009856602494075387,0.05285540520585056,0.017280782572870586,0.04269085483712545,0.02216833669879861,Under,Over,0
852,2.0,-0.009160035793367795,0.030575837240593706,0.011655344935037448,-0.0102258116418008,3.0,5.0,0.007876594221046864,0.025048570836468984,0.0341621062736091,0.01881545986879855,0.01716180580165923,0.01642767082345898,0.011202190357060864,0.02205733691079432,0.018296080644482342,0.02489629609408577,Over,Under,0
485,1.0,-0.020610080535077544,0.028413909354895163,-0.02166037554298995,0.014964602402635318,1.0,15.0,0.008482486084204313,0.038898957063693014,0.023771132282053,0.05444473493950218,0.044620695084314,0.029569807482226162,0.017387061652790244,0.02427828255836396,0.024287375815694373,0.03276484564016943,Under,Under,1
44,2.0,-0.009160035793367795,0.027178521991638848,0.010830187771494977,-0.010392085001830084,0.0,2.0,0.0,0.062179393488175964,0.013807184618917008,0.02495383684727184,0.044620695084314,0.059139614964452324,0.034111458523895195,0.042958565128333216,0.03192033189169434,0.04430734050087369,Over,Over,1
1193,2.0,-0.009160035793367795,0.028413909354895163,-0.013202514616679588,0.00872935140153727,4.0,11.0,0.022599103801547598,0.016207898776538755,0.026158487469854,0.019749560713348838,0.025522957142262912,0.029569807482226162,0.02617496304407716,0.012991010842633346,0.02757684066859459,0.02227100183733092,Over,Under,0
220,2.0,-0.03206012527678729,0.025016594105940305,0.008909489563374591,-0.012426610125001058,0.0,14.0,0.02060032334735333,0.042435225887665115,0.03003418509888133,0.04403618267165618,0.051485417404977696,0.019713204988150775,0.015430622773528909,0.02175309778099026,0.02795426325723004,0.031092870526928912,Over,Under,0
29,2.0,-0.02748010738010339,0.033355458807920416,0.025786161360702317,-0.0249410040043922,0.0,1.0,0.006967756426310686,0.015913209707874416,0.018077447903118143,0.02468695089168604,0.04805305624464585,0.052568546635068734,0.026222592075260787,0.012717195625809693,0.03153676625973455,0.021508346522519456,Under,Under,1
31,0.0,-0.02748010738010339,0.028413909354895163,0.02269182199741804,-0.022446903603952982,0.0,1.0,0.013026675057885195,0.01915478946318216,0.037435974791496636,0.007873135689780954,0.03089125044298661,0.0,0.025086595306657432,0.01679399996518409,0.028000291133065208,0.016404422492627354,Over,Under,0
374,2.0,-0.02290008948341949,0.027178521991638848,0.01959748263413376,-0.019121436403367352,1.0,7.0,0.022599103801547598,0.016207898776538755,0.026158487469854,0.01681381520190509,0.025522957142262912,0.013142136658767184,0.02617496304407716,0.010435402152279245,0.02757684066859459,0.017841734432079728,Over,Over,1
796,2.0,-0.009160035793367795,0.027487368832452928,-0.013099369971236778,0.009560718201683676,3.0,1.0,0.011511945399991569,0.010019428334587594,0.030888237755721564,0.02722236746975109,0.027458889282654768,0.029569807482226162,0.01741861711858478,0.010891760846985336,0.02352791586441397,0.019711706598203992,Over,Over,1
462,2.0,-0.016030062638393645,0.02903160303652332,-0.01908175940691972,0.01371755220241571,1.0,13.0,0.015450242510515,0.05952719187019687,0.020212579545218715,0.0216177624024494,0.03089125044298661,0.03285534164691796,0.023855932140670458,0.02656007603189441,0.02344353142538282,0.028658240098876932,Under,Under,1
1234,2.0,-0.020610080535077544,0.02532544094675438,0.018256602243377242,-0.0182069329232063,4.0,14.0,0.0,0.02563794897379766,0.032026974631508526,0.028423354269887176,0.01716180580165923,0.019713204988150775,0.013726627620623877,0.02656007603189441,0.021057753194592882,0.030418213902288,Over,Under,0
86,2.0,-0.03206012527678729,0.02532544094675438,0.026817607815130408,-0.026603737604685013,0.0,5.0,0.06361864563153236,0.021983159890022138,0.014803579385230609,0.024523076659816782,0.03089125044298661,0.024431155043941208,0.0426629897542149,0.025236350593062555,0.033845831364132516,0.026361480014506868,Under,Over,0
298,2.0,-0.016030062638393645,0.025016594105940305,0.016399998625406673,-0.014881465722620682,1.0,2.0,0.00939132387894049,0.01414507529588837,0.038147685338863487,0.009874780356674415,0.03432361160331846,0.009856602494075387,0.038813222927281316,0.017585021702674647,0.03858670257515562,0.015861763903242274,Over,Over,1
306,2.0,-0.016030062638393645,0.029649296718151467,-0.018566036179705668,0.013052458762298585,1.0,3.0,0.029385755363136368,0.007367226716608525,0.016084658370490952,0.04029977929345505,0.03432361160331846,0.022998739152842573,0.041653214848789685,0.03577852166495741,0.03490447250834157,0.032126855136432916,Under,Under,1
1087,0.0,-0.016030062638393645,0.027487368832452928,0.015987420043635438,-0.015463422482723163,4.0,3.0,0.017267918099987352,0.0409617805443434,0.047826948783052735,0.02375285004713576,0.02059416696199108,0.022998739152842573,0.014799513457638159,0.02786830429005186,0.028222759199601894,0.027323593297956868,Over,Under,0
1134,2.0,-0.0045800178966838995,0.02439890042431215,-0.010830187771494977,-0.009560718201683676,4.0,7.0,0.012420783194727744,0.027700772454448054,0.026048606033626936,0.03135909978133092,0.01029708348099554,0.04928301247037694,0.032470574302579235,0.03127578254385733,0.027302201682898385,0.03423149047634532,Over,Over,1
70,2.0,-0.0045800178966838995,0.02656082831001069,-0.01186163422592307,-0.00872935140153727,0.0,4.0,0.011511945399991569,0.021983159890022138,0.03245400095992864,0.024523076659816782,0.013729444641327386,0.024431155043941208,0.02884169573620741,0.025236350593062555,0.02795426325723004,0.026361480014506868,Over,Under,0
352,2.0,-0.05038019686352289,0.02872275619570924,0.04125785817712371,-0.0498820080087844,1.0,6.0,0.08179540152625588,0.035657377308385266,0.04498010659358531,0.020283332624520426,0.03089125044298661,0.013142136658767184,0.04297854441216027,0.04222839121680348,0.04048151679703702,0.03353483417916177,Under,Over,0
1185,2.0,-0.02290008948341949,0.024707747265126225,0.01990691657046219,-0.01995280320351376,4.0,10.0,0.006361864563153236,0.019449478531846504,0.009394579225242502,0.012677082890325264,0.01716180580165923,0.029569807482226162,0.02142616127449106,0.025951597772286283,0.019592532480506453,0.023634981534974498,Over,Under,0
1125,2.0,-0.013740053690051695,0.03397315248954856,-0.017947168307048816,0.011888545242093616,4.0,6.0,0.03362699840523853,0.030058285003762782,0.02804139556625413,0.046571599249721235,0.027458889282654768,0.03285534164691796,0.019122612271489814,0.04381043469178459,0.022983252667031058,0.0380594334987644,Over,Under,0
155,2.0,-0.013740053690051695,0.028413909354895163,-0.017534589725277574,0.0124705020021961,0.0,10.0,0.012420783194727744,0.021983159890022138,0.01708105313680455,0.024523076659816782,0.0034323611603318464,0.024431155043941208,0.004796430800769722,0.025236350593062555,0.015051115398102452,0.026361480014506868,Over,Under,0
579,2.0,-0.0068700268450258475,0.02563428778756846,-0.012377357453137113,0.009145034801610474,2.0,4.0,0.0,0.06335814976283331,0.03800534322939012,0.028423354269887176,0.027458889282654768,0.022998739152842573,0.01798661550288646,0.04311068469323525,0.020367335057065245,0.03433415561487763,Under,Under,1
808,2.0,-0.013740053690051695,0.027178521991638848,0.013718237843893637,-0.011888545242093616,3.0,2.0,0.03908002517365559,0.041551158681672085,0.02547923759573345,0.02588793769182212,0.024026528122322924,0.022998739152842573,0.04840608452882075,0.0280508477679343,0.03531872339085815,0.031620862667952235,Under,Over,0
390,2.0,-0.011450044741709749,0.025943134628382537,0.012893080680351159,-0.012054818602122895,1.0,9.0,0.022599103801547598,0.02711139431711937,0.026158487469854,0.013611183734875545,0.025522957142262912,0.045997478305685145,0.02617496304407716,0.0224528477795396,0.02757684066859459,0.026531605086421887,Over,Over,1
917,3.0,-0.013740053690051695,0.030266990399779627,0.014955973589207344,-0.012886185402269304,3.0,10.0,0.048471349052596084,0.006777848579279842,0.03273868517887538,0.01948267475776304,0.04118833392398216,0.03942640997630156,0.033164794550059065,0.006875804333571747,0.03966835765728225,0.01867038876451911,Under,Over,0
303,0.0,-0.013740053690051695,0.033355458807920416,0.013511948553008015,-0.01255363868221074,1.0,2.0,0.010300161673676669,0.039488335201021685,0.01252610563365667,0.037230590804218415,0.03432361160331846,0.013142136658767184,0.019438166929435192,0.03796904339954665,0.023750383930950657,0.035698135312521216,Under,Over,0
820,2.0,-0.011450044741709749,0.027178521991638848,0.012377357453137113,-0.010807768401903287,3.0,3.0,0.00939132387894049,0.015029142501881391,0.028183737675727506,0.02482039386947894,0.02059416696199108,0.013142136658767184,0.024581707853944833,0.011439391280632642,0.026918636050938586,0.014490450981417815,Over,Over,1
1008,0.0,-0.0068700268450258475,0.026251981469196616,-0.01268679138946554,0.009394444841654396,3.0,15.0,0.009088377947361764,0.007956604853937208,0.0217783427494258,0.0376309197375971,0.01716180580165923,0.03942640997630156,0.019122612271489814,0.0158204347498111,0.0232901051725989,0.024676299368659383,Over,Under,0
113,2.0,-0.018320071586735598,0.030884684081407782,0.018050312952491626,-0.01745870280307454,0.0,7.0,0.01878264775788098,0.033594553827734866,0.036297237915709664,0.02935745511443745,0.027458889282654768,0.04271194414099335,0.030293247162756137,0.03629572818562432,0.033561992796482275,0.037568107478645474,Over,Over,1
286,2.0,-0.0068700268450258475,0.026251981469196616,-0.01299622532579397,0.008812488081551911,1.0,1.0,0.05210670023154078,0.012376940883902322,0.019358526888378486,0.029490898092230357,0.044620695084314,0.013142136658767184,0.02366659934590324,0.02546481516459979,0.029381127408120482,0.02285765977180128,Under,Under,1
527,3.0,-0.025190098431761444,0.023781206742683997,0.020628929088561856,-0.018290069603220948,2.0,1.0,0.005755972699995784,0.0053044032359581385,0.03530084314939607,0.03976600738228346,0.027458889282654768,0.03614087581160976,0.010791969301731876,0.015668315184909073,0.02095802613028333,0.02199967254263838,Over,Under,0
1255,2.0,-0.016030062638393645,0.030266990399779627,-0.018772325470591288,0.01255363868221074,4.0,15.0,0.006361864563153236,0.0026522016179790693,0.015372947823124096,0.02495383684727184,0.0034323611603318464,0.019713204988150775,0.01151774501500624,0.025738630381423447,0.013309727429004973,0.027873585111522832,Under,Over,0
924,2.0,-0.0068700268450258475,0.030884684081407782,0.01134591099870902,-0.00997640160175688,3.0,10.0,0.008179540152625588,0.02151230201249689,0.016796368917857806,0.04029977929345505,0.02059416696199108,0.03285534164691796,0.01773417177653016,0.032857826018838444,0.020474733434013983,0.03237618475858282,Under,Under,1
107,2.0,-0.03664014317347119,0.02532544094675438,0.032490563314484924,-0.033254672005856266,0.0,7.0,0.03362699840523853,0.00913536112859457,0.019500868997851858,0.03442828827056756,0.02059416696199108,0.026284273317534367,0.016535064076337726,0.0173416303988314,0.018326765895039118,0.0258496152376001,Under,Under,1
978,1.0,-0.03206012527678729,0.027487368832452928,-0.03094339363284278,0.022446903603952982,3.0,14.0,0.03786824144734069,0.0032415797553077517,0.015657632042070838,0.008140021645366749,0.027458889282654768,0.03614087581160976,0.03717233870596535,0.02789872820303227,0.03561790458378679,0.023260987101749647,Over,Over,1
1006,2.0,-0.029770116328445336,0.03304661196710633,0.025270438133488275,-0.02203122020387977,3.0,15.0,0.03756529551576196,0.006188470441951161,0.025621579705206825,0.02095054751348491,0.0034323611603318464,0.013142136658767184,0.007478645393305424,0.02001893474110713,0.016163455730785863,0.022241668940607404,Under,Over,0
1237,2.0,-0.02748010738010339,0.02995814355896555,-0.02753962033323008,0.0177912495231331,4.0,14.0,0.03514172806313216,0.009430050197258913,0.036154895806236285,0.0376309197375971,0.013729444641327386,0.059139614964452324,0.025433705430397347,0.032279771672210716,0.03422172568345313,0.040230067856304716,Over,Over,1
1164,2.0,-0.013740053690051695,0.025943134628382537,0.014027671780222064,-0.013634415522401069,4.0,9.0,0.05574205141048549,0.004715025098629457,0.025621579705206825,0.017747916046455373,0.02059416696199108,0.029569807482226162,0.02685370139115154,0.010891760846985336,0.026742195860237083,0.015348438210580713,Under,Under,1
1018,2.0,-0.029770116328445336,0.02686967515082477,-0.029911947178414687,0.02161553680380657,3.0,16.0,0.05331848395785569,0.005893781373286821,0.018931500559958372,0.03829813462656159,0.04118833392398216,0.029569807482226162,0.025339039033013728,0.009705228240749502,0.02472464063612854,0.020452362240472817,Under,Under,1
199,2.0,-0.0045800178966838995,0.030266990399779627,0.00919335456302851,-0.01277212036420164,0.0,13.0,0.01999443148419588,0.007661915785272866,0.013664842509443638,0.02468695089168604,0.01029708348099554,0.013142136658767184,0.00883553042247054,0.010496249978240058,0.0145754940144723,0.01620642543974361,Over,Over,1
1250,1.0,-0.03206012527678729,0.02409005358349807,0.027745909624115696,-0.02818333452496318,4.0,15.0,0.03786824144734069,0.012966319021231005,0.027472027128360648,0.0161466003129406,0.024026528122322924,0.013142136658767184,0.0033764348400155287,0.0068149565076109355,0.017084013247489382,0.013705795994063713,Under,Over,0
987,2.0,-0.03206012527678729,0.022545819379427682,0.02836477749677255,-0.0253566874044654,3.0,14.0,0.013026675057885195,0.02269105828715426,0.07544131802088676,0.04430306862724198,0.02059416696199108,0.03285534164691796,0.00911952961462138,0.026894739074678868,0.02956523891146118,0.03456881878866578,Over,Under,0
1156,2.0,-0.018320071586735598,0.02409005358349807,-0.020628929088561856,0.01388382556244499,4.0,8.0,0.007876594221046864,0.02563794897379766,0.023628790172579628,0.026822038536372404,0.03089125044298661,0.04271194414099335,0.02896791759938556,0.014420934752712429,0.028061661634178774,0.021259016900369555,Over,Over,1
1144,2.0,-0.02290008948341949,0.029649296718151467,-0.02454842561538861,0.016045379242825647,4.0,7.0,0.10663696791571138,0.0020628234806503868,0.02590626392415356,0.02415317898051445,0.02059416696199108,0.0,0.033385682810620834,0.009918195631612343,0.03588640052615865,0.015003776674079376,Under,Over,0
894,2.0,-0.0045800178966838995,0.02903160303652332,0.010830187771494977,-0.009560718201683676,3.0,8.0,0.0284769175684002,0.03860426799502867,0.01636934258943769,0.02615482364740792,0.02059416696199108,0.045997478305685145,0.02224660338514904,0.04301941295429403,0.021709814768924536,0.034422154305048185,Under,Under,1
651,2.0,-0.04809018791518094,0.02903160303652332,-0.0500251530397625,0.035333089006222285,2.0,9.0,0.022599103801547598,0.012966319021231005,0.026158487469854,0.01721414413528378,0.025522957142262912,0.006571068329383592,0.02617496304407716,0.01636806518345841,0.02757684066859459,0.01835506012474129,Under,Under,1
312,2.0,-0.03435013422512924,0.029340449877337395,0.02836477749677255,-0.029097838005124232,1.0,3.0,0.0075736482894681375,0.015029142501881391,0.039998132762017316,0.03175942871470961,0.03089125044298661,0.019713204988150775,0.022088826056176358,0.02884186950542485,0.03298664434854258,0.03379149702549256,Under,Over,0
754,2.0,-0.07328028634694238,0.02686967515082477,0.1134591099870902,-0.11639135202049693,2.0,16.0,0.011208999468412844,0.049213074466944944,0.02092429009258557,0.02975778404781615,0.03432361160331846,0.006571068329383592,0.02025860904009317,0.02373065212471665,0.022147079589358704,0.02474963161046818,Under,Under,1
513,2.0,-0.011450044741709749,0.031193530922221862,0.013099369971236778,-0.011389725162005771,2.0,0.0,0.022221084081299518,0.02749080649302471,0.022890390479686516,0.026086434121289047,0.026386276420051067,0.026001717379370872,0.02728048906602266,0.027911658366048944,0.02758930055842029,0.02843448509605785,Over,Under,0
209,1.0,-0.013740053690051695,0.02532544094675438,0.008533962297894061,-0.011992117624717635,0.0,14.0,0.026356296047349115,0.019449478531846504,0.02012717427953469,0.0596490110734252,0.0,0.013142136658767184,0.033701237468566216,0.029085260809268106,0.02243858946964815,0.03282351143361646,Under,Under,1
967,2.0,-0.0045800178966838995,0.029649296718151467,-0.010830187771494977,-0.00872935140153727,3.0,13.0,0.01090605353683412,0.034478621033727896,0.012810789852603413,0.022551863246999683,0.02059416696199108,0.062425149129144125,0.035910120074183836,0.02427828255836396,0.02852194039253053,0.028988235187016508,Under,Under,1
210,2.0,-0.020610080535077544,0.02872275619570924,0.008713370663561051,-0.012192449122883106,0.0,14.0,0.007876594221046864,0.008545982991265891,0.01024863188208273,0.03135909978133092,0.0,0.019713204988150775,0.0052066518560987115,0.02409573908048152,0.011622038648381863,0.026340941257719026,Under,Over,0
54,2.0,-0.018320071586735598,0.027796215673267004,0.015987420043635438,-0.014548919002562116,0.0,3.0,0.031203430952608732,0.008545982991265891,0.008255842349455532,0.020683661557899115,0.02059416696199108,0.026284273317534367,0.032312796973606554,0.05312015206378881,0.029910447980225005,0.042870028561421324,Under,Over,0
270,0.0,-0.013740053690051695,0.030884684081407782,-0.015987420043635438,0.011223451801976491,1.0,0.0,0.022573258726759783,0.023262018357691417,0.024139442490315348,0.02707057608251168,0.022524870114677745,0.024395091172836586,0.02405670379178821,0.02640643527134336,0.025898159687109547,0.027872760123802482,Under,Over,0
660,2.0,-0.011450044741709749,0.023781206742683997,0.012274212807694305,-0.010724631721888646,2.0,10.0,0.006664810494731961,0.04980245260427363,0.023771132282053,0.011742982045774984,0.05835013972564139,0.026284273317534367,0.04181099217776239,0.029541619503974194,0.04131001856207018,0.025233624406406217,Over,Over,1
56,2.0,-0.013740053690051695,0.024707747265126225,-0.018772325470591288,0.012054818602122895,0.0,3.0,0.009694269810519216,0.0026522016179790693,0.038290027448336865,0.03549583209291075,0.013729444641327386,0.022998739152842573,0.016408842213159577,0.016763576052203685,0.02393449543429136,0.02622360967082495,Over,Over,1
109,2.0,0.0,0.030266990399779627,-0.01186163422592307,-0.00872935140153727,0.0,7.0,0.02272094486840441,0.021983159890022138,0.031884632522035154,0.024523076659816782,0.037755972763650315,0.024431155043941208,0.02294082363262887,0.025236350593062555,0.02912797409102702,0.026361480014506868,Over,Under,0
240,2.0,-0.011450044741709749,0.027796215673267004,0.008828306486153929,-0.012526335291248056,0.0,16.0,0.03665645772102578,0.050981208878931004,0.020354921654692087,0.03362763040381018,0.01716180580165923,0.009856602494075387,0.025086595306657432,0.028598478201581606,0.025545471088522502,0.027389592315584785,Under,Under,1
1119,2.0,-0.04580017896683899,0.02409005358349807,-0.043836474313193936,0.027601377764860702,4.0,6.0,0.010300161673676669,0.015913209707874416,0.01252610563365667,0.028289911292094273,0.0034323611603318464,0.013142136658767184,0.0017671060844941086,0.013964576058006335,0.010287230249161769,0.020085701031428843,Under,Under,1
529,2.0,-0.029770116328445336,0.02686967515082477,-0.0288805007239866,0.021199853403733367,2.0,1.0,0.002726513384208529,0.020038856669175188,0.02120897431153232,0.031092213825745126,0.024026528122322924,0.052568546635068734,0.04272610068580397,0.024673793427109236,0.03570228902281795,0.03183352616919773,Under,Under,1
554,2.0,-0.011450044741709749,0.02563428778756846,0.012171068162251495,-0.010641495041874005,2.0,2.0,0.0,0.005599092304622479,0.02590626392415356,0.02415317898051445,0.013729444641327386,0.029569807482226162,0.015493733705117987,0.002981543472079784,0.021142137633624037,0.013478466044456449,Over,Over,1
442,2.0,-0.013740053690051695,0.02995814355896555,0.014955973589207344,-0.01371755220241571,1.0,12.0,0.013632566921042649,0.006777848579279842,0.034731474711502584,0.023219078135964168,0.006864722320663693,0.009856602494075387,0.03224968604201748,0.032158076020289104,0.03196635976752952,0.023810978915315608,Under,Over,0
1148,2.0,-0.02290008948341949,0.02532544094675438,0.01990691657046219,-0.01953711980344056,4.0,8.0,0.011511945399991569,0.016797276913867436,0.020354921654692087,0.02375285004713576,0.0034323611603318464,0.01642767082345898,0.02723236698068599,0.01527280431616379,0.020121853052610973,0.018604389746891197,Over,Under,0
1031,2.0,-0.016030062638393645,0.030266990399779627,-0.021144652315775902,0.01371755220241571,4.0,0.0,0.0216416999871552,0.02260633517991326,0.02752540541941316,0.02561271155012427,0.021134763844743342,0.025668235661654656,0.02627663081043393,0.023897983646108883,0.027541642528649282,0.025294581832409783,Over,Over,1
1239,2.0,-0.029770116328445336,0.02409005358349807,-0.03321257583258458,0.02095044336368945,4.0,14.0,0.002726513384208529,0.03713082265170697,0.009536921334715872,0.036830261870839716,0.01716180580165923,0.026284273317534367,0.025275928101424656,0.0173416303988314,0.0232901051725989,0.024456302643232997,Over,Over,1
350,2.0,-0.009160035793367795,0.029649296718151467,0.01134591099870902,-0.010807768401903287,1.0,6.0,0.01090605353683412,0.012671629952566665,0.021493658530479052,0.046571599249721235,0.03432361160331846,0.026284273317534367,0.01905950133990074,0.01347779345031984,0.025883008844647133,0.02550495370109877,Under,Over,0
680,2.0,-0.04580017896683899,0.029340449877337395,0.0433207510859799,-0.039489923006954315,2.0,11.0,0.04150359262628539,0.00884067205993023,0.01622700047996432,0.015479385423976113,0.037755972763650315,0.026284273317534367,0.04878475011835521,0.025403967338638974,0.03310938535076971,0.028379577580003517,Under,Over,0
743,2.0,-0.03206012527678729,0.026251981469196616,-0.03145911686005684,0.022862587004026186,2.0,15.0,0.02150916114208951,0.0064831595106155035,0.047257580345159256,0.05778080938432462,0.04805305624464585,0.022998739152842573,0.0292519167915364,0.026073293424207916,0.03442117981207222,0.03132753370071705,Under,Under,1
294,2.0,-0.02748010738010339,0.029340449877337395,0.021969809479318377,-0.022862587004026186,1.0,2.0,0.027568079773664017,0.04449804936831549,0.007401789692615304,0.02588793769182212,0.01716180580165923,0.013142136658767184,0.030198580765372532,0.025130152121815325,0.02609780559854462,0.02538028889002381,Under,Over,0
481,1.0,-0.013740053690051695,0.02995814355896555,-0.017018866498063532,0.011223451801976491,1.0,15.0,0.038474133310498135,0.008545982991265891,0.01024863188208273,0.02014988964672753,0.0034323611603318464,0.029569807482226162,0.02748481070704229,0.014755597795496891,0.021218850760015992,0.020533027706462488,Under,Over,0
1100,2.0,-0.016030062638393645,0.02903160303652332,0.015368552170978584,-0.014881465722620682,4.0,4.0,0.015147296578936275,0.041551158681672085,0.015942316261017574,0.04950734476116498,0.04118833392398216,0.013142136658767184,0.012811519112582284,0.029967554285699874,0.01868731758908133,0.03153286397778168,Over,Over,1
1116,0.0,-0.016030062638393645,0.02903160303652332,0.016399998625406673,-0.01612851592284029,4.0,5.0,0.008785432015783039,0.021983159890022138,0.02419815861047311,0.024523076659816782,0.02059416696199108,0.024431155043941208,0.036635895787458204,0.025236350593062555,0.039514931404498334,0.026361480014506868,Over,Under,0
522,2.0,-0.020610080535077544,0.027796215673267004,-0.020628929088561856,0.015380285802708525,2.0,0.0,0.02372066644261421,0.019084800809374386,0.02552407536021756,0.027649384998688364,0.02630046739104277,0.02468257541224712,0.02569443246652471,0.02650987657547673,0.02792271498400134,0.02773223721543638,Under,Under,1
713,2.0,-0.0045800178966838995,0.025016594105940305,-0.01186163422592307,0.00872935140153727,2.0,13.0,0.06483042935784725,0.03212110848441317,0.012099079305236557,0.02975778404781615,0.024026528122322924,0.022998739152842573,0.05938738662531985,0.020536141261774027,0.04197742276168023,0.027279593952871595,Under,Under,1
1058,2.0,-0.03435013422512924,0.02656082831001069,0.030118236469300314,-0.03117625500549025,4.0,2.0,0.002423567452629804,0.015618520639210072,0.0395711064335972,0.02055021858010622,0.013729444641327386,0.045997478305685145,0.014042182278569251,0.008518695634513669,0.024548200445427038,0.019103048991191,Over,Over,1
746,2.0,-0.016030062638393645,0.02686967515082477,-0.017018866498063532,0.012886185402269304,2.0,15.0,0.002726513384208529,0.02269105828715426,0.02490986915783996,0.04110043716021244,0.013729444641327386,0.03942640997630156,0.01713461792643394,0.026073293424207916,0.0215794024540582,0.029860888864541163,Over,Under,0
879,2.0,-0.011450044741709749,0.027487368832452928,-0.014130816425664872,0.010558358361859364,3.0,7.0,0.031203430952608732,0.07102006554810618,0.02519455337678671,0.010141666312260213,0.02059416696199108,0.01642767082345898,0.02884169573620741,0.028446358636679575,0.028030976383621998,0.026472939292974854,Under,Over,0
676,2.0,-0.013740053690051695,0.02872275619570924,-0.017018866498063532,0.012886185402269304,2.0,11.0,0.02453862045787676,0.021983159890022138,0.01636934258943769,0.024523076659816782,0.06178250088597322,0.024431155043941208,0.04521898248357245,0.025236350593062555,0.040796040615244056,0.026361480014506868,Under,Under,1
869,2.0,-0.016030062638393645,0.0321200714446641,0.017534589725277574,-0.015380285802708525,3.0,6.0,0.03968591703681304,0.0014734453433217051,0.02590626392415356,0.053644077072744815,0.04118833392398216,0.026284273317534367,0.04338876546748927,0.02190521734589229,0.0401593216661908,0.03618946133264014,Under,Under,1
818,2.0,-0.029770116328445336,0.031193530922221862,0.02630188458791637,-0.023278270404099386,3.0,3.0,0.0030294593157872553,0.00913536112859457,0.02932247455151448,0.03336074444822438,0.04805305624464585,0.03285534164691796,0.027579477104425903,0.020688260826676054,0.03244198115115966,0.02977289017437061,Over,Under,0
170,2.0,-0.018320071586735598,0.02532544094675438,0.008179697625474141,-0.011881650625769655,0.0,11.0,0.004544188973680883,0.011787562746573641,0.00925223711576913,0.0322932006258812,0.01716180580165923,0.026284273317534367,0.009340417875183143,0.0198972390891855,0.011936562466588896,0.02540228856256645,Over,Over,1
290,2.0,-0.04580017896683899,0.025943134628382537,0.034347166932455486,-0.037411506006588297,1.0,2.0,0.05271259209469823,0.03654144451437828,0.0301765272083547,0.014812170535011625,0.024026528122322924,0.04271194414099335,0.041274549259255236,0.024612945601148423,0.03930013465060085,0.029068900653006182,Over,Over,1
1108,2.0,-0.016030062638393645,0.027178521991638848,0.015781130752749818,-0.015130875762664604,4.0,5.0,0.015147296578936275,0.0005893781373286822,0.00882521078734902,0.01241019693473947,0.013729444641327386,0.0,0.016535064076337726,-0.0018254347788243573,0.016830859930395913,0.008616538412533367,Over,Over,1
812,2.0,-0.0068700268450258475,0.024707747265126225,0.011139621707823405,-0.0098101282417276,3.0,2.0,0.03998886296839176,0.02416450363047596,0.017365737355751292,0.01241019693473947,0.024026528122322924,0.019713204988150775,0.021394605808696527,0.02190521734589229,0.022078037775605942,0.021486346849976818,Over,Under,0
643,0.0,-0.011450044741709749,0.02656082831001069,-0.013408803907565206,0.00997640160175688,2.0,8.0,0.012723729126306472,0.021983159890022138,0.017365737355751292,0.024523076659816782,0.027458889282654768,0.024431155043941208,0.022846157235245256,0.025236350593062555,0.02757069762527024,0.026361480014506868,Over,Over,1
597,2.0,-0.0045800178966838995,0.025943134628382537,0.010623898480609356,-0.009394444841654396,2.0,5.0,0.03029459315787255,0.007072537647944185,0.014091868837863753,0.013611183734875545,0.03432361160331846,0.029569807482226162,0.018175948297653684,0.0039246847744723685,0.019147596347433092,0.018215728865304582,Over,Over,1
919,2.0,-0.018320071586735598,0.02995814355896555,-0.020628929088561856,0.015380285802708525,3.0,10.0,0.05210670023154078,0.023575125493147282,0.03772065901044338,0.018148244979834062,0.04118833392398216,0.006571068329383592,0.0563265064432497,0.054763043364730736,0.04882790494848222,0.03780277065243362,Over,Under,0
950,2.0,-0.018320071586735598,0.02686967515082477,-0.01959748263413376,0.014548919002562116,3.0,12.0,0.0060589186315745105,0.05422278863423874,0.04384136971779834,0.034695174226153355,0.013729444641327386,0.029569807482226162,0.008583086696114241,0.020140630393028748,0.021533374578223033,0.027404258763946542,Over,Over,1
634,2.0,-0.03206012527678729,0.02532544094675438,0.02733333104234446,-0.024525320604319,2.0,8.0,0.016964972168408626,0.05687499025221781,0.02490986915783996,0.009607894401088621,0.02059416696199108,0.062425149129144125,0.016850618734283104,0.02035359778389159,0.01717606899915973,0.022432332769310268,Over,Over,1
464,3.0,-0.07099027739860042,0.02439890042431215,0.09283018089852836,-0.13301868802342506,1.0,14.0,0.006967756426310686,0.007072537647944185,0.00583602648840822,0.02895712618105876,0.027458889282654768,0.019713204988150775,0.0331963500158536,0.032675282540956,0.035955442339911416,0.02998555367561612,Under,Under,1
447,0.0,-0.0068700268450258475,0.02995814355896555,0.010314464544280928,-0.010392085001830084,1.0,12.0,0.007876594221046864,0.019744167600510846,0.021636000639952427,0.03069188489236643,0.03432361160331846,0.013142136658767184,0.030040803436399838,0.031701717325583016,0.03035538411329837,0.031437532063430244,Under,Over,0
575,3.0,-0.016030062638393645,0.03366430564873448,-0.01908175940691972,0.014133235602488912,2.0,4.0,0.01878264775788098,0.03919364613235735,0.02718734290941391,0.02055021858010622,0.03089125044298661,0.01642767082345898,0.052129629492576185,0.042167543390842666,0.038065053315690295,0.029486894431316312,Over,Under,0
921,2.0,-0.018320071586735598,0.02903160303652332,-0.02011320586134781,0.014964602402635318,3.0,10.0,0.012117837263149021,0.11050840074912788,0.0455494750314788,0.017747916046455373,0.01029708348099554,0.009856602494075387,0.02322482282477971,0.03224934775923032,0.02359695767816674,0.03189952518682565,Under,Under,1
261,2.0,-0.013740053690051695,0.025016594105940305,-0.014955973589207344,0.010392085001830084,1.0,0.0,0.018051790697947302,0.02161544318652941,0.02277829606847624,0.02145929886632033,0.025957231275009592,0.02525754389106818,0.022252520034985512,0.026302233369385468,0.024375116454005183,0.026373390774719414,Over,Over,1
231,2.0,-0.011450044741709749,0.028413909354895163,0.008404860971331257,-0.012027960408081694,0.0,15.0,0.06361864563153236,0.019449478531846504,0.015657632042070838,0.015212499468390319,0.013729444641327386,0.03942640997630156,0.02123682847972384,0.005780543466277133,0.023880796245816988,0.020019702013800933,Under,Over,0
1032,2.0,-0.016030062638393645,0.02903160303652332,0.016503143270849487,-0.016211652602854933,4.0,0.0,0.018051790697947302,0.022853137274919645,0.02277829606847624,0.02595799525516339,0.025957231275009592,0.023902261048132815,0.022252520034985512,0.028092300349370103,0.024375116454005183,0.027311126816849367,Over,Under,0
1047,2.0,-0.013740053690051695,0.02686967515082477,0.014955973589207344,-0.014715192362591396,4.0,1.0,0.029385755363136368,0.018860100394517826,0.028326079785200874,0.05324374813936611,0.0034323611603318464,0.019713204988150775,0.014831068923432694,0.03638699992456553,0.023435860112743626,0.036343459040438605,Under,Under,1
10,2.0,-0.018320071586735598,0.028413909354895163,0.018566036179705668,-0.018290069603220948,0.0,0.0,0.02493245016892911,0.01908848442273269,0.02471948658641933,0.021184072724622482,0.026432613295715543,0.02176666384108315,0.0219129043343718,0.02165345946597944,0.024796367409305027,0.02372142191500662,Under,Under,1
147,2.0,-0.02748010738010339,0.028413909354895163,0.023207545224632087,-0.0249410040043922,0.0,10.0,0.003938297110523432,0.018860100394517826,0.02861076400414762,0.008807236534331237,0.027458889282654768,0.026284273317534367,0.026001703814699018,0.008579543460474482,0.02618986135021497,0.013287802215753585,Over,Over,1
296,2.0,-0.016030062638393645,0.02563428778756846,0.015987420043635438,-0.015380285802708525,1.0,2.0,0.05453026768417059,0.01827072225718914,0.03003418509888133,0.03055844191457353,0.02059416696199108,0.03285534164691796,0.0311768002050032,0.015333652142124603,0.030938403873877262,0.02122235077946516,Under,Over,0
1024,2.0,-0.025190098431761444,0.026251981469196616,-0.02423899167906018,0.017874386203147744,3.0,16.0,0.06270980783679618,0.0064831595106155035,0.02192068485889917,0.020683661557899115,0.03089125044298661,0.03942640997630156,0.032123464178839316,0.012656347799848882,0.030900047310681283,0.020357030326121385,Under,Over,0
1212,2.0,-0.009160035793367795,0.02903160303652332,-0.01454339500743611,0.0098101282417276,4.0,12.0,0.015753188442093728,0.021983159890022138,0.0455494750314788,0.024523076659816782,0.03089125044298661,0.024431155043941208,0.059198053830552634,0.025236350593062555,0.04703281779091036,0.026361480014506868,Over,Under,0
333,3.0,-0.013740053690051695,0.027487368832452928,-0.016503143270849487,0.011639135202049693,1.0,5.0,0.004544188973680883,0.0,0.05964134386934255,0.031092213825745126,0.037755972763650315,0.052568546635068734,0.0236350438801087,0.03343588036546615,0.028606324831561687,0.035668802415797694,Under,Under,1
993,1.0,-0.05496021476020678,0.023472359901869917,0.051572322721404634,-0.0498820080087844,3.0,15.0,0.02272094486840441,0.003830957892636433,0.008255842349455532,0.014278398623840038,0.0,0.022998739152842573,0.008141310174990712,0.0077276738970231155,0.012028618218259249,0.01033251287085916,Under,Over,0
548,2.0,-0.02290008948341949,0.025943134628382537,0.02011320586134781,-0.017874386203147744,2.0,2.0,0.04938018684733226,0.030942352209755806,0.03259634306940201,0.017614473068662474,0.03089125044298661,0.026284273317534367,0.02546526089619188,0.02004935865408753,0.02966496597577073,0.020855689570421183,Under,Over,0
771,2.0,-0.03435013422512924,0.023781206742683997,0.031974840087270875,-0.028266471204977824,3.0,0.0,0.019623322718011947,0.018340710910996927,0.022596809878897683,0.02673530060080702,0.022739392687198483,0.02320408503813581,0.02245881389261731,0.021282668026530737,0.02481506623386306,0.0245279849096011,Under,Over,0
297,2.0,-0.04580017896683899,0.025943134628382537,0.03867924204105348,-0.037411506006588297,1.0,2.0,0.018479701826302253,0.05363341049691006,0.011245026648396328,0.020283332624520426,0.03089125044298661,0.052568546635068734,0.015872399294652437,0.04536205425378529,0.018741016777555703,0.04217337226423778,Under,Over,0
825,2.0,-0.016030062638393645,0.024707747265126225,-0.01908175940691972,0.014133235602488912,3.0,3.0,0.014238458784200096,0.016207898776538755,0.016796368917857806,0.02909056915885166,0.03089125044298661,0.03285534164691796,0.013915960415391105,0.008518695634513669,0.02037500636970444,0.020166366497418518,Over,Under,0
621,2.0,-0.029770116328445336,0.027178521991638848,-0.0288805007239866,0.021199853403733367,2.0,7.0,0.015450242510515,0.04214053681900076,0.037293632682023264,0.012943968845911058,0.037755972763650315,0.022998739152842573,0.02912569492835825,0.038090739051468266,0.031475395758620975,0.034444153977590826,Over,Over,1
332,0.0,-0.025190098431761444,0.02872275619570924,0.020628929088561856,-0.020784170003660167,1.0,4.0,0.049986078710489705,0.005599092304622479,0.02490986915783996,0.02081710453569201,0.04805305624464585,0.029569807482226162,0.05604250725109887,0.026042869511227505,0.05270958914391536,0.0283135785623756,Over,Under,0
411,2.0,-0.03893015212181314,0.027487368832452928,-0.04125785817712371,0.0249410040043922,1.0,10.0,0.017873809963144804,0.007661915785272866,0.05807558066513546,0.02495383684727184,0.044620695084314,0.026284273317534367,0.029599026915276317,0.03322291297460332,0.03849464682348527,0.0334908348340765,Under,Under,1
936,2.0,-0.0045800178966838995,0.02903160303652332,-0.01155220028959464,0.008479941361493349,3.0,11.0,0.022599103801547598,0.016207898776538755,0.026158487469854,0.037364033782011315,0.025522957142262912,0.03942640997630156,0.02617496304407716,0.02418701081942274,0.02757684066859459,0.02628960868845287,Under,Over,0
244,2.0,-0.04580017896683899,0.02872275619570924,0.008769783488166049,-0.012484330408847649,0.0,16.0,0.0,0.005893781373286821,0.023913474391526367,0.03055844191457353,0.027458889282654768,0.013142136658767184,0.03650967392428006,0.010617945630161682,0.03518831107599182,0.01861905619525295,Under,Under,1
752,2.0,-0.05725022370854872,0.023472359901869917,0.06910691244668221,-0.07108186141251778,2.0,16.0,0.01090605353683412,0.007367226716608525,0.010675658210502842,0.019749560713348838,0.0,0.009856602494075387,0.009466639738361295,0.006206478248002818,0.009780923614974834,0.011029169168042708,Under,Under,1
1138,2.0,-0.05725022370854872,0.029649296718151467,0.04796226013090631,-0.05287492848931146,4.0,7.0,0.0321122687473449,0.0,0.00811350023998216,0.019749560713348838,0.02059416696199108,0.04271194414099335,0.014294626004925556,0.03194510862942626,0.01732182393930445,0.030909539922406925,Under,Under,1
135,2.0,-0.04580017896683899,0.030884684081407782,0.04538364399483608,-0.0498820080087844,0.0,9.0,0.03998886296839176,0.021983159890022138,0.01252610563365667,0.024523076659816782,0.044620695084314,0.024431155043941208,0.052823849740056016,0.025236350593062555,0.038962596894476224,0.026361480014506868,Under,Under,1
1115,2.0,-0.02748010738010339,0.026251981469196616,0.024651570260831417,-0.02460845728433364,4.0,5.0,0.012723729126306472,0.02269105828715426,0.039001737995703716,0.018548573913212758,0.027458889282654768,0.045997478305685145,0.012590630852020522,0.017402478224792208,0.024770668511963717,0.02212433735371333,Over,Under,0
803,2.0,-0.04580017896683899,0.02439890042431215,0.04022641172269562,-0.036580139206441896,3.0,2.0,0.015147296578936275,0.011787562746573641,0.02092429009258557,0.014144955646047137,0.027458889282654768,0.01642767082345898,0.0258123710199318,0.0346832607976628,0.025683554716028036,0.02977289017437061,Over,Under,0
706,2.0,-0.016030062638393645,0.022545819379427682,0.017018866498063532,-0.014548919002562116,2.0,13.0,0.04544188973680882,0.0279954615231124,0.0519548699577805,0.023886293024928656,0.044620695084314,0.03285534164691796,0.012811519112582284,0.03812116296444867,0.030002503731895357,0.035111477378050863,Under,Under,1
1081,2.0,-0.029770116328445336,0.03366430564873448,-0.034140877641569874,0.021698673483821214,4.0,3.0,0.026356296047349115,0.018860100394517826,0.05465937003777455,0.027622696403129785,0.013729444641327386,0.019713204988150775,0.033575015605388066,0.03294909775777965,0.03286390334631545,0.02821824664802416,Under,Over,0
427,2.0,-0.029770116328445336,0.028413909354895163,-0.02949936859664345,0.019121436403367352,1.0,11.0,0.03665645772102578,0.007367226716608525,0.028753106113620988,0.03482861720394625,0.013729444641327386,0.03285534164691796,0.019532833326818804,0.013203978233496188,0.02400353724804412,0.021259016900369555,Under,Under,1
1173,3.0,-0.013740053690051695,0.02563428778756846,0.013718237843893637,-0.013301868802342506,4.0,10.0,0.016662026236829903,0.029174217797769762,0.009963947663135986,0.011609539067982084,0.006864722320663693,0.013142136658767184,0.04013855249065189,0.005810967379257539,0.02287585429008232,0.014967110553174982,Under,Under,1
1254,2.0,-0.04580017896683899,0.02995814355896555,-0.046311945803821364,0.028349607884992467,4.0,15.0,0.001211783726314902,0.02593263804246201,0.01394952672839038,0.05230964729481583,0.0034323611603318464,0.026284273317534367,0.024960373443479282,0.02488676081797208,0.02371202736775468,0.034194824355440925,Under,Under,1
934,2.0,-0.009160035793367795,0.03366430564873448,0.01186163422592307,-0.010392085001830084,3.0,11.0,0.023629782663140586,0.021983159890022138,0.05280892261462073,0.024523076659816782,0.03432361160331846,0.024431155043941208,0.027043034185918764,0.025236350593062555,0.03476638888083604,0.026361480014506868,Over,Under,0
158,2.0,-0.018320071586735598,0.029649296718151467,0.01908175940691972,-0.017874386203147744,0.0,10.0,0.012420783194727744,0.019449478531846504,0.02718734290941391,0.012009868001360778,0.027458889282654768,0.013142136658767184,0.026506591267411624,0.016702728226242875,0.02803864769626119,0.01726240972179025,Over,Over,1
140,2.0,-0.009160035793367795,0.0321200714446641,-0.012893080680351159,0.00872935140153727,0.0,9.0,0.10693991384729007,0.015323831570545732,0.019643211107325236,0.045504055427378065,0.03432361160331846,0.029569807482226162,0.05260296147949427,0.027016434726600497,0.044163746863851085,0.03261818115655184,Under,Over,0
247,2.0,-0.013740053690051695,0.02532544094675438,0.008625621788098259,-0.012344822761616723,0.0,16.0,0.02605335011577039,0.0064831595106155035,0.023771132282053,0.0161466003129406,0.027458889282654768,0.019713204988150775,0.01757639444755747,0.008123184765768392,0.02095802613028333,0.014717780931025078,Over,Under,0
328,2.0,-0.016030062638393645,0.031193530922221862,0.016812577207177912,-0.016627336002928133,1.0,4.0,0.00999721574209794,0.005599092304622479,0.036581922134656414,0.05164243240585135,0.024026528122322924,0.01642767082345898,0.03474256783978595,0.018071804310361143,0.032879245971593835,0.027968917025874264,Under,Over,0
953,2.0,-0.018320071586735598,0.027487368832452928,-0.01959748263413376,0.014548919002562116,3.0,12.0,0.019691485552617155,0.05569623397756045,0.012383763524183295,0.03829813462656159,0.031165839335813163,0.01642767082345898,0.03199724231566118,0.03942939122260613,0.03193567451697273,0.035023478687880305,Under,Under,1
693,2.0,-0.0068700268450258475,0.02532544094675438,-0.012377357453137113,0.009145034801610474,2.0,12.0,0.004241243042102156,0.060116570007525565,0.0435566854988516,0.04016633631566215,0.01029708348099554,0.01642767082345898,0.024960373443479282,0.031458326021739764,0.027931249319312446,0.035558804053084515,Under,Over,0
1261,2.0,-0.011450044741709749,0.02872275619570924,-0.01433710571655049,0.009643854881698315,4.0,15.0,0.03817118737891941,0.003830957892636433,0.025336895486260082,0.02482039386947894,0.0034323611603318464,0.03614087581160976,0.027705698967604053,0.02896356515734648,0.026642468795927528,0.029934221106349964,Over,Under,0
1019,2.0,-0.025190098431761444,0.02439890042431215,0.022176098770204,-0.01953711980344056,3.0,16.0,0.004847134905259608,0.02180699108116124,0.013664842509443638,0.008540350578745444,0.03089125044298661,0.029569807482226162,0.012369742591458758,0.011621934758515078,0.015396324466866269,0.01666108533895814,Over,Under,0
355,2.0,-0.018320071586735598,0.02995814355896555,0.017534589725277574,-0.016627336002928133,1.0,6.0,0.017873809963144804,0.05186527608492402,0.02419815861047311,0.04203453800476272,0.027458889282654768,0.026284273317534367,0.03430079131866242,0.02488676081797208,0.032672120530335545,0.03133486692489793,Over,Over,1
65,2.0,-0.04122016107015509,0.027178521991638848,0.037132072359411336,-0.038242872806734704,0.0,4.0,0.02090326927893206,0.007661915785272866,0.05537108058514141,0.022818749202585482,0.013729444641327386,0.026284273317534367,0.029094139462563718,0.01801095648440033,0.03733627861496668,0.02142768105652978,Over,Under,0
912,2.0,-0.04580017896683899,0.031193530922221862,-0.04899370658533441,0.03491740560614908,3.0,9.0,0.03392994433681725,0.05186527608492402,0.024340500719946482,0.02895712618105876,0.01716180580165923,0.03285534164691796,0.030766579149674206,0.03374011949527021,0.027348229558733558,0.035558804053084515,Under,Under,1
1251,1.0,-0.03206012527678729,0.028105062514081083,0.026405029233359176,-0.027351967724816774,4.0,15.0,0.008785432015783039,0.040077713338350376,0.016511684698911063,0.0644529582739695,0.01716180580165923,0.052568546635068734,0.030135469833783457,0.026894739074678868,0.025813967030894367,0.04032539977065616,Over,Over,1
254,2.0,-0.029770116328445336,0.02686967515082477,0.009474795271564872,-0.0130840348132846,0.0,16.0,0.019691485552617155,0.00913536112859457,0.02690265869046716,0.02909056915885166,0.024026528122322924,0.026284273317534367,0.02246749164571081,0.022939630387226097,0.020037468613579815,0.024925628990809287,Over,Under,0
599,2.0,-0.016030062638393645,0.028413909354895163,0.017328300434391958,-0.014964602402635318,2.0,5.0,0.025750404184191663,0.0041256469613007735,0.01508826360417735,0.046037827338549636,0.006864722320663693,0.019713204988150775,0.0560740627168934,0.0041072282523548055,0.03948424615394155,0.019213047353904188,Under,Under,1
695,2.0,-0.013740053690051695,0.028105062514081083,0.015987420043635438,-0.01371755220241571,2.0,12.0,0.028173971636821477,0.011198184609244958,0.023201763844159517,0.03055844191457353,0.024026528122322924,0.03285534164691796,0.04818519626825898,0.025525662990560603,0.04075001273940888,0.03898341974555521,Under,Over,0
381,2.0,-0.02748010738010339,0.026251981469196616,0.022485532706532425,-0.020784170003660167,1.0,8.0,0.030597539089451276,0.04538211657430852,0.03928642221465047,0.023352521113757067,0.027458889282654768,0.026284273317534367,0.022530602577299882,0.013903728232045526,0.028798107647541586,0.02146434717743418,Under,Under,1
96,2.0,-0.02748010738010339,0.028413909354895163,-0.025786161360702317,0.016627336002928133,0.0,6.0,0.06816283460521322,0.053928099565574414,0.035585527368342806,0.02922401213664456,0.024026528122322924,0.026284273317534367,0.0263172584726444,0.02439997821028558,0.030984431749712438,0.0334541687131721,Under,Under,1
184,2.0,-0.016030062638393645,0.02686967515082477,0.008826592823479952,-0.012607832474364469,0.0,12.0,0.0,0.02681670524845503,0.028183737675727506,0.0077396927119880565,0.027458889282654768,0.029569807482226162,0.04603942459423042,0.0326448586279756,0.04084206849107923,0.0277782531971714,Over,Under,0
331,2.0,-0.03206012527678729,0.02995814355896555,0.02630188458791637,-0.0257723708045386,1.0,4.0,0.022599103801547598,0.03654144451437828,0.026158487469854,0.0318928716925025,0.025522957142262912,0.019713204988150775,0.02617496304407716,0.022939630387226097,0.02757684066859459,0.027528923575021496,Over,Under,0
591,2.0,-0.013740053690051695,0.028413909354895163,-0.015677986107307012,0.011805408562078977,2.0,5.0,0.012420783194727744,0.034183931965063565,0.02419815861047311,0.025354165780650532,0.024026528122322924,0.003285534164691796,0.04692297763647748,0.01417754344886918,0.03468967575444408,0.017680403500100382,Under,Under,1
163,2.0,-0.018320071586735598,0.027178521991638848,0.008715686477454998,-0.012356740845321228,0.0,11.0,0.0018176755894723528,0.013850386227224029,0.031884632522035154,0.02495383684727184,0.02059416696199108,0.019713204988150775,0.023130156427396097,0.02020147821898956,0.03118388587833153,0.02580561589251482,Under,Over,0
486,1.0,-0.020610080535077544,0.027178521991638848,-0.02269182199741804,0.014964602402635318,1.0,15.0,0.012420783194727744,0.02711139431711937,0.014234210947337124,0.024553507913893144,0.01716180580165923,0.04271194414099335,0.018333725626626367,0.012656347799848882,0.020566789185684338,0.024206973021083097,Over,Over,1
624,2.0,-0.0068700268450258475,0.028413909354895163,0.011139621707823405,-0.0098101282417276,2.0,7.0,0.008785432015783039,0.04125646961300774,0.019216184778905118,0.03509550315953205,0.01716180580165923,0.045997478305685145,0.007226201666949122,0.03045433689338637,0.010271887623883376,0.03256684858728568,Over,Under,0
221,2.0,-0.03206012527678729,0.028105062514081083,0.009128136120167859,-0.012607404486735752,0.0,14.0,0.024841566389455488,0.0459714947116372,0.022205369077845916,0.0041367323115798224,0.027458889282654768,0.003285534164691796,0.0258123710199318,0.01977554343726388,0.029097288840470237,0.015619767505273253,Over,Over,1
